location,price
 Devarabeesana Halli,124.83333333333333
 Devarachikkanahalli,62.714285714285715
 Mysore Highway,36.875
 Sector 1 HSR Layout,276.0
 ittamadu,110.0
 south,445.0
1 Annasandrapalya,150.0
1 Giri Nagar,360.0
1 Immadihalli,150.0
1 Ramamurthy Nagar,170.0
12th cross srinivas nagar banshankari 3rd stage,200.0
1A Block Koramangala,650.0
1Channasandra,125.0
1Hanuman Nagar,490.0
1Hoysalanagar,275.0
1Kasavanhalli,200.0
1st Block BEL Layout,167.5
1st Block HBR Layout,231.66666666666666
1st Block HRBR Layout,209.625
1st Block Jayanagar,207.5
1st Block Koramangala,283.45
1st Phase JP Nagar,170.7
1st Stage Domlur,65.0
1st Stage Indira Nagar,195.8
1st Stage Radha Krishna Layout,250.0
2Electronic City Phase II,230.0
2nd Block Bel Layout,92.0
2nd Block Hbr Layout,55.0
2nd Block Hrbr Layout,285.57142857142856
2nd Block Jayanagar,467.5
2nd Block Koramangala,761.0
2nd Phase JP Nagar,161.94444444444446
2nd Phase Judicial Layout,46.18181818181818
2nd Stage Arekere Mico Layout,169.0
2nd Stage Nagarbhavi,220.83333333333334
"2nd phase jp nagar, jp nagar",205.0
3rd Block Banashankari,366.6
3rd Block HBR Layout,100.0
3rd Block Hrbr Layout,143.57142857142858
3rd Block Jayanagar,170.0
3rd Block Koramangala,220.0
3rd Phase Iti Layout,63.0
3rd Phase JP Nagar,231.33333333333334
3rd Stage Raja Rajeshwari Nagar,65.0
4 Bedroom Farm House in Bagalur,80.0
4th Block HBR Layout,138.0
4th Block Jayanagar,300.0
4th Block Koramangala,348.55555555555554
4th Phase JP Nagar,126.725
4th T block Jayanagar,280.42857142857144
5th Block Hbr Layout,202.75
5th Block Jayanagar,905.0
5th Phase JP Nagar,86.11282051282052
5th Stage BEML Layout,165.0
5th block Koramangala,520.0
6th Block Jayanagar,255.0
6th Block Rajaji Nagar,190.0
6th Phase JP Nagar,105.38695652173914
6th block Koramangala,259.91999999999996
"6th block banashankari 3rd stage, 100 feet ORR",660.0
7th Block Jayanagar,376.0
7th Block Koramangala,130.0
7th Phase JP Nagar,100.52295302013422
8th Block Jayanagar,340.0
8th Phase JP Nagar,77.97535087719298
8th block Koramangala,206.14285714285714
9th Block Jayanagar,228.0
9th Phase JP Nagar,89.58372093023256
A Narayanapura,132.0
AECS LAYOUT A-BLOCK Singasandra,225.0
AECS Layout,61.965
AGB Layout,145.0
AGS Layout,67.25285714285714
AMS Layout,72.25
Aavalahalli,41.94
Abbaiah Reddy Layout,42.74
Abbigere,53.30583333333333
Abshot Layout,185.0
Achins Road,410.0
Adarsh Nagar,50.0
Addischetan Layout,55.0
Adityanagar,67.33333333333333
Adugodi,65.0
Agara Village,120.0
Agrahara Dasarahalli,85.66666666666667
Air View Colony,58.5
Aishwarya Crystal Layout,82.0
Akash Nagar,47.8
Akshaya Nagar,85.34516129032258
Akshaya Vana,94.25
Akshayanagara East,94.4525
Akshayanagara West,67.5
Akshya Nagar,77.454
Alfa Garden Layout,42.8
Allalasandra,22.0
Alur,15.0
Amam Enclave Layout,57.5
Amarjyothi Colony,49.5
Ambalipura,104.32703703703703
Ambedkar Colony,158.85714285714286
Ambedkar Nagar,185.19354838709677
Amblipura,140.16666666666666
Amco Colony,88.0
Amrita Nagar,150.0
Amruthahalli,90.22916666666667
Amruthnagar,59.7
Anand Nagar,190.83333333333334
Anand nagar,97.5
Anandapura,57.38
Anantapura,91.33333333333333
Anantapuram,63.0
Ananth Nagar,33.713
"Ananthanagar Phase 1,Electronic City , phase 2",45.9
"Ananthapura, T C palaya Main Road",60.0
Anathanagar,45.0
Andrahalli,185.0
Anekal,38.57142857142857
Anekal - Hosur Road,140.0
Anjana Nagar,177.5
Anjanapura,64.024375
Anjappa Layout,68.33333333333333
Ankappa Layout,63.333333333333336
Annaiah Reddy Layout,35.0
"Annapoorneshwari Layout, JP nagar 7th phase",70.0
Annapurneshwari Nagar,210.0
Annasandrapalya,150.0
Anugrah Layout,70.0
Anwar Layout,30.195
Arasanakunte,137.0
Ardendale,131.05208333333334
Arehalli,68.67666666666666
Arekempanahalli,110.0
Arekere,96.40625
Arishinakunte,145.0
Ashirvad Colony,61.0
Ashok Nagar,1486.0
Ashraya Layout,225.0
Ashwath Nagar,82.28571428571429
Ashwathnagar,130.83333333333334
Ashwini layout,59.0
Asthagrama Layout,38.0
Atmananda Colony,55.333333333333336
Attibele,46.43666666666667
Attiguppe,70.0
Attur Layout,133.0
Austin Town,42.142857142857146
Avalahalli,104.65799999999999
Ayappa Nagar,56.666666666666664
B Channasandra,191.33333333333334
B K Nagar,300.0
B Narayanapura,65.03444444444443
B Y Raveshwara Nagar,140.0
BAGUR,17.0
BAGUR ROAD,35.0
BCC Layout,183.75
BCMC Layout,80.0
BDS Layout,37.5
BEL Layout,105.0
BEL Road,365.75
BEML Layout,120.38461538461539
BEML Layout 5th Stage,325.0
BEML Layout 5th stage,85.0
BHEL Layout,165.0
BSM Extension,37.5
BTM 1st Stage,164.1
BTM 2nd Stage,156.0344827586207
BTM 4th Stage,67.66666666666667
BTM Layout,99.51823529411764
BTM Layout 1stage 9th Main,138.0
BTM Layout 2nd Stage 1st Phase,395.0
Baba Nagar,59.083333333333336
Babusapalaya,53.1004
Badavala Nagar,95.22083333333335
Badrappa Layout,88.0
Bagalakunte,101.0
Bagalur,75.174
Bagalur Main Road,193.0
Bahubali Nagar,150.0
Balagere,60.88988888888889
Balaji Gardens Layout,36.5
Balepet,89.0
Banagiri Nagar,146.80555555555554
Banagirinagar,130.0
"Banasawadi, ",156.0
Banashankari,104.81378378378379
Banashankari 2 nd Stage,77.25
Banashankari 2nd Stage,95.0
"Banashankari 3rd stage, Vivekanandanagar",100.0
Banashankari 6th Stage,80.0
"Banashankari 6th Stage ,Subramanyapura",100.0
"Banashankari 6th stage , 2nd block",100.0
Banashankari Stage I,170.0
Banashankari Stage II,226.4075
Banashankari Stage III,121.02148148148147
Banashankari Stage V,65.14583333333333
Banashankari Stage VI,113.49875
Banashankari stage 2,77.25
Banashankari3rd stage bigbazar,125.0
Banaswadi,140.96875
"Banaswadi, ",214.0
Bande Nallasandra,130.0
Bandepalya,48.0
Banjara Layout,84.11818181818181
Bank Avenue,99.0
Bank Of Baroda Colony,176.28571428571428
Bannerghatta,114.39411764705882
Bannerghatta Road,98.01993421052632
Bapuji Layout,275.0
Bapuji Nagar,126.0
Basapura,56.7
Basava Nagar,48.699999999999996
Basavanagara,113.6
Basavanapura,68.27125000000001
Basavangudi,188.69354838709677
Basavanna Nagar,91.875
Basaveshwara Nagar,183.61904761904762
Basaveshwara Nagar Yelahanka,129.42857142857142
Basaveswarnagar,420.0
"Basnashankari,6th stage,",54.0
Basvasamithi Layout Vidyaranyapura,175.0
Battarahalli,74.81875000000001
Begur,68.63125
Begur Road,58.17321428571429
Behind Don Bosco Church,110.0
Belathur,38.0
Belatur,53.333333333333336
Bellandur,91.19333333333333
"Bellandur, ",206.0
Bellari Road,105.958
"Beml layout, Rajarajeshwari nagar",325.0
Bendiganahalli,122.5
Bennigana Halli,145.0
Benson Town,346.7433333333333
Bethel Nagar,49.0
Bettadasanapura,90.0
Bettahalsoor,265.0
Bhagyalakshmi Avenue,26.836666666666662
Bharat Nagar,180.0
Bharath Housing Society Layout,200.0
Bharathi Nagar,68.31166666666667
Bharathnagar,120.0
Bhattarahalli,50.0
Bhoganhalli,99.81645833333333
Bhoopsandra,152.5
Bhuvaneshwari Nagar,52.580000000000005
Bhuvaneswari Nagar,110.0
Bidadi,122.66666666666667
"Bidere Agarahara, Behind Safal market",42.0
Bidrahalli,53.5
Bikasipura,171.25
Bilal Nagar,20.0
Bileshivale,219.5
Billamaranahalli,102.5
Billapura,110.0
Billekahalli,95.42277777777778
Binnamangala,900.0
Binny Mills Employees Colony,230.0
Binny Pete,147.5055
Bisuvanahalli,41.72509803921569
Bommanahalli,60.29617647058824
Bommasandra,50.35054054054054
Bommasandra Industrial Area,40.949615384615385
Bommenahalli,320.6666666666667
Brigade Road,220.0
Brindavan Layout,94.34
Brindavan Nagar,113.33333333333333
Brooke Bond First Cross,78.0
Brookefield,118.48936170212765
Budigere,69.90379629629629
Bull Temple Road,140.0
Byadarahalli,384.5
Byagadadhenahalli,26.2
Byappanahalli,90.0
Byatarayanapura,102.0
Byrasandra,57.714285714285715
Byrasandra Extension,45.0
Byrathi Village,79.33333333333333
CHIKKATIRUPATHI,100.0
CMH Road,350.0
CQAL LAYOUT C BLOCK,160.0
CQAL Layout,275.0
CR Layout,200.0
CV Raman Nagar,79.5525581395349
Cambridge  road,110.0
Cambridge Layout,251.875
Canara Bank Colony,61.339999999999996
Canara Bank Layout,108.33333333333333
Carmelaram,95.21375
Celebrity Paradise Layout,19.244999999999997
Chaitanya Ananya,325.0
Challaghatta,112.0
Chambenahalli,50.0
Chamrajpet,216.994
Chamundi Nagar,185.0
Chandapura,33.72627551020408
Chandra Layout,128.34444444444443
Channasandra,62.578421052631576
Channasandra Layout,70.57142857142857
Chelekare,60.9
Chellikere,46.0
Chennammana Kere,73.57444444444444
Chennammanakere Achukattu,63.5
Chennappa Layout,47.45
Chickpet,48.0
Chikbasavanapura,60.0
Chikka Banaswadi,71.0
Chikka Gowdanapalya.,78.0
Chikka Tirupathi,115.01588235294118
Chikkaballapur,100.0
Chikkabanavar,69.6923076923077
Chikkabettahalli,150.0
Chikkabidarakallu,325.0
Chikkadunnasandra,46.0
Chikkagubbi,400.0
Chikkajala,50.0
Chikkakannalli,87.5
Chikkalasandra,71.17033333333333
Chikkanahalli,52.0
Chikkasandra,98.5
Chikkathoguru,45.625
Chikku Lakshmaiah Layout,282.5
Chinnapanahalli,46.0
Chokkahalli,90.0
Chokkanahalli,48.5
Chokkasandra,33.0
Cholanayakanahalli,236.42857142857142
Choodasandra,94.39307692307692
Chowdeshwari Layout,80.0
Chuchangatta Colony,44.0
Church Street,1068.0
Ckikkakammana Halli,42.0
Classic Paradise Layout,99.0
Cleveland Town,122.5
Coconut Garden,85.0
Coconut Grove Layout,53.8
Coffee Board Layout,105.33333333333333
Cooke Town,239.0625
Cottonpet,169.0
Cox Town,126.66666666666667
Craig Park Layout,148.0
Crimson Layout,70.66666666666667
Cubbon Road,1900.0
Cunningham Road,824.3846153846154
D Group Employees Layout,182.0
D Souza Layout,1015.0
DUO Layout,75.0
Daadys Gaarden Layout,69.0
Dairy Circle,333.6
Dasanapura,49.903125
Dasappa Layout,87.0
Dasarahalli,83.01235294117647
Deepanjali Nagar,160.0
Defence Colony,1167.7142857142858
Defence Layout,130.0
Dena Bank Colony,69.75
Devanahalli,121.236375
Devanahalli Int. Airport,164.0
Devanahalli Road,145.5
Devara Jeevanahalli,46.333333333333336
Devarabeesana Halli,110.0
Devarabisanahalli,80.0
Devarachikkanahalli,55.666666666666664
Devasandra Extension,106.0
Devasthanagalu,54.5
Devi Nagar,71.8
Dhanalakshmi Layout,250.0
Dinnur,115.66666666666667
Divya Unnathi Layout,57.85
Doctor Layout Rayasandra,90.0
Doctors Layout,53.114285714285714
Dodda Banaswadi,86.66666666666667
Dodda Kempaiah Layout,60.0
Dodda Nekkundi,106.58413793103449
Dodda Nekkundi Extension,87.9375
Doddaballapur,165.79166666666666
Doddabanahalli,44.666
Doddabele,36.0
Doddabidrakallu,53.5
Doddabommasandra,128.85714285714286
Doddagubbi,55.25
Doddakallasandra,56.22071428571429
Doddakammanahalli,63.5
Doddakannelli,73.33333333333333
Doddanakundi Industrial Area 2,72.50166666666667
Doddanakunte,150.0
Doddanekundi,221.23333333333335
Doddathoguru,43.413
Dodsworth Layout,538.2
Dollar Scheme Colony,310.0
Dollars Colony,744.375
Dollars Layout,356.0
Dominic Layout,39.14
Domlur,163.77272727272728
Domlur Layout,318.3333333333333
Dommasandra,41.02846153846154
Doopanahalli,143.8
Dooravani Nagar,123.75
Double Road,100.0
Dr Shivarama Karantha Nagar,59.5
Duddanahalli,47.0
Duvasapalya,48.6
Dwaraka Nagar,51.0
Dwarka Nagar,110.375
"ECC Road, Whitefield, ",80.0
"EPIP AREA, WHITEFIELD",139.0
EPIP Zone,134.86260869565217
Ejipura,111.55555555555556
Electronic City,54.972384105960266
"Electronic City Phase 1, ",50.0
Electronic City Phase II,47.40687022900764
"Electronic city Phase 1, ",45.5
"Electronic city phase 1, ",39.0
Electronics City Phase 1,55.480348837209306
Escorts Colony,93.0
Esther Enclave Layout,91.33333333333333
Ex-Servicemen Colony Dinnur Main Road R.T.Nagar,101.0
Ferrar Nagar,126.33333333333333
Fraser town,128.0
Frazer Town,246.73472222222225
Friends Colony,59.5
GB Palya,45.0
GD Layout,56.0
GKW Layout,225.0
GM Palaya,56.82916666666667
Gandhi Bazar,240.0
Gandhi Nagar,80.0
Ganesha Block,209.0
Ganga Nagar,66.3
Ganga Nagar Extension,65.0
Ganganahalli,90.0
Gangondanahalli,48.0
Garden Layout,93.93
Garebhavipalya,65.0
Garudachar Palya,83.37277777777778
Gattahalli,67.83333333333333
Gattigere,79.0
Gaundanapalya,46.0
Gaurava Nagar,123.0
Gayathri Nagar,90.0
Geddalahalli,56.75
Geetanjali Layout,300.0
Geleyara Balaga Layout,24.0
Gidada Konnenahalli,172.5
Giri Nagar,273.14285714285717
Gkvk Layout,143.0
Glass Factory Layout,58.75
Gnana Bharathi,150.0
Gokaula Extension,90.0
Gokula Extension,118.33333333333333
Gollahalli,51.900000000000006
Gollarahatti,24.5
Gollarapalya Hosahalli,51.46153846153846
Gopal Reddy Layout,75.0
Gopalapura,324.6666666666667
Gopalkrishna Nagar,87.25
Goraguntepalya,150.0
Gottigere,61.017291666666665
Govindapura,71.0
Govindaraja Nagar Ward,207.5
Govindpura,77.792
Govindraja Nagar,50.0
Gowdanapalya,84.5
Green Domain Layout,122.5
Green Garden Layout,57.5
Green Glen Layout,118.04615384615386
Green View Layout,42.142857142857146
Green Woods Layout,59.5
Grihalakshmi Layout,150.0
Gubbalala,103.11769230769231
"Gubbi Cross, Hennur Main Road",300.0
Guddadahalli,102.5
Gulakamale,50.0
Gulimangala,51.666666666666664
Guni Agrahara,117.5
Gunjur,99.21545454545453
Gunjur Palya,39.806
HAL 2nd Stage,339.27272727272725
HAL 3rd Stage,199.5
HAL Layout,65.0
HBR Layout,131.3
HMT Layout,145.6
HOSUR MAIN ROAD,55.714285714285715
HOSUR RMAIN ROAD,56.0
HRBR Layout,144.81578947368422
HSR Layout,100.16981132075472
"HSR Layout 7th sector, ",152.0
Hadosiddapura,110.0
Hagadur,47.833333333333336
Hal old airport road,110.0
Halanayakanahalli,165.0
Hallehalli,59.0
Handenahalli,120.0
Hanumagiri,38.0
Hanuman Nagar,108.0
Hanumanth Nagar,57.5875
Hanumantha Nagar,203.33333333333334
Haralur Road,82.16035460992909
"Haralur Road, ",189.0
Harappanahalli,191.0
Harlur,109.87544303797468
Harohalli,52.0
Harsha Layout,38.0
Havanur extension,360.0
Hebbal,160.44170454545454
Hebbal Kempapura,193.2941176470588
Hegde Nagar,137.9561224489796
Hegganahalli,47.0
Hennagara,74.0
Hennur,67.78067307692308
Hennur Bande,114.66666666666667
Hennur Busstop,62.7
Hennur Gardens,119.57142857142857
Hennur Road,102.76520000000001
Herohalli,76.125
Hessarghatta,57.57142857142857
High grounds,190.0
Himagiri Meadows,130.33333333333334
Hiremath Layout,89.6
Hommadevanahalli,50.0
Hongasandra,72.375
Hoodi,91.65022727272728
"Hoodi Circle, ",61.699999999999996
Hoodi Layout,81.5
Horamavu Agara,53.81904761904762
Horamavu Banaswadi,65.48214285714286
Hormavu,71.1152027027027
Hosa Road,70.33375
Hosahalli,70.0
Hosahalli Extension,143.0
Hosakerehalli,179.60333333333335
Hosakerehalli Layout,89.5
Hosapalya,71.33333333333333
Hoskote,61.92595238095238
Hoskote near,29.5
Hosur Road,95.20630434782608
Housing Board Layout Vijay Nagar,220.0
Howthinarayanappa Garden,52.0
Hoysalanagar,52.25
Hsr layout sector3,375.0
Hulimavu,85.91884615384615
Hullahalli,99.0
Hunasamaranahalli,787.5
Huskur,39.8775
Huttanahalli,325.0
ISRO Layout,128.46153846153845
ITI Employees Layout,230.0
ITI Layout,113.71166666666666
ITPL,85.88
Iblur Village,220.4
Iggalur,30.5
Ilyas Nagar,81.66666666666667
Immadihalli,62.0
Indira Nagar,286.3181818181818
Indira Nagar 3rd Stage,199.0
Indira Nagar Stage 2,96.0
Indiranagar HAL 2nd Stage,640.0
Indra Nagar,209.0
Indranagar  100ft road defence colony,80.0
Infantry Road,472.5
Ittamadu,84.75
J C Nagar,94.33333333333333
J P Nagar 7th Phase Ramayya City,350.0
J.P.nagar 6th Phase.Sarakki Nagar,185.0
JCR Layout,40.32
JP Nagar,108.85156716417912
"JP Nagar 7th Phase, ",83.5
"JP Nagar 8th Phase, ",166.0
"JP nagar 9th Phase, ",72.0
Jagadish Nagar,88.0
Jagajyothi layout,58.0
Jai Bheema Nagar,62.5
Jakkasandra,102.0
Jakkasandra Extension,105.6
Jakkur,132.20492647058822
Jakkur Plantation,165.22222222222223
JakkurYelahanka,75.0
Jakkuru Layout,57.54
Jaladarsini Layout,48.0
Jalahalli,94.15278846153845
Jalahalli East,56.46857142857142
Jalahalli West,45.46
Janatha Colony,57.415
Jaraganahalli Jp Nagar Post,65.0
Javarandoddi,40.0
Jay an agar 4 T Block,120.0
Jaya Mahal layout,206.5
Jaya Nagar East,350.0
Jayamahal,346.6666666666667
Jayamahal Extension,335.0
Jayanagar,202.42857142857142
"Jayanagar, ",165.0
Jayanti Nagar,82.49666666666667
Jaymahal Road,400.0
Jeevan bima nagar,141.14285714285714
Jeevanhalli,35.0
Jigani,72.80192307692307
Jinkethimmanahalli,94.33333333333333
Jnana Ganga Nagar,82.0
Jnanabharathi Layout,110.5
Jogupalya,130.0
Jp nagar 8th Phase .,525.0
Judicial Layout,206.45749999999998
"Judicial Layout, Kanakapura Road, ",48.25
Junnasandra,240.0
Jyothi Nagar,32.75
K G Colony,50.0
K N Extension,120.0
K R C kothanur,45.0
KAMAKIYA,135.0
KEB Colony,63.42
KG Halli,26.0
KHB Colony Extension,65.0
KPC Layout,62.0
KR Garden,114.6
KR Layout,260.3333333333333
KR Puram,84.62545454545455
KSRTC Layout,74.16666666666667
KUDLU MAIN ROAD,54.888888888888886
Kachanayakanahalli,38.0
Kacharakanahalli,63.06
Kada Agrahara,44.6
Kadabagere,31.7
Kadarenahalli,62.5
Kadubeesanahalli,125.15384615384616
Kadugodi,96.41357142857143
Kadugondanahalli,60.17999999999999
Kaggadasapura,61.284375
Kaggalipura,70.92105263157895
Kaikondrahalli,78.10588235294118
Kalasipalya,300.0
Kalena Agrahara,73.48484848484848
Kalhalli,160.0
Kalkere,54.4
Kalkere Channasandra,53.0
Kallumantapa,54.6
Kalyan nagar,120.8157894736842
Kamakshipalya,87.44444444444444
Kamakya Layout,152.66666666666666
Kamala Nagar,139.0
Kambipura,44.33375
Kamdhenu Nagar,46.0
Kammagondahalli,84.125
Kammanahalli,119.52941176470588
Kammasandra,38.054482758620686
Kanaka Nagar,109.25
Kanakadasa Layout,95.0
Kanakapur main road,43.04
Kanakapura,60.142738095238094
Kanakapura  Rod,45.68
Kanakapura Main Road,37.8
Kanakapura Road,130.0
"Kanakapura Road, ",95.0
Kanakapura main  Road,52.33
Kanakpura Road,70.9182196969697
Kannamangala,90.10944444444445
Kannur,55.0
Kariyammana Agrahara,90.0
Karnataka Shabarimala,70.0
Karuna Nagar,139.33333333333334
Kasavanhalli,112.85518987341771
Kashi Nagar,57.333333333333336
Kasthuri Nagar East Of NGEF,460.0
Kasturi Nagar,127.96875
Kathreguppe,725.0
Kathriguppe,77.99227272727272
Kathriguppe IV Phase,131.0
Kattigenahalli,107.125
Kaval Byrasandra,61.59090909090909
Kaverappa Layout,89.88888888888889
Kaveri Nagar,120.0
Kavika Layout,92.33333333333333
Keerthi Layout,25.0
Kempapura,152.5
Kempegowda Nagar,101.5
Kenchanehalli R R Nagar,45.12
Kenchenahalli,63.25
Kenchenhalli,73.99666666666667
Kengeri,61.44150684931506
Kengeri Hobli,55.666666666666664
Kengeri Satellite Town,54.590875000000004
Kengeri Satellite Town ( BDA SITE),172.0
Kengeri Satellite Town KHB Apartment,45.0
Kengeri Satellite Town Stage II,20.0
Kereguddadahalli,35.81875
Keshava Nagar,144.28571428571428
Kirloskar Layout,100.5
"Kirloskar layout, Basaveshwarnagar",49.5
Kithaganur,64.66666666666667
Kodanda Reddy Layout,105.0
Kodathi,33.325
Kodbisanhalli,149.75
Kodichikkanahalli,69.64814814814815
Kodigehaali,80.6923076923077
Kodigehalli,102.33272727272728
Kodihalli,367.73333333333335
Kodipalya,59.0
Kogilu,92.46719999999999
Konanakunte,189.23076923076923
Konanakunte Cross,98.0
Konappana Agrahara,42.5
Konena Agrahara,189.0
Koppa,69.0
Koramangala,203.95902777777778
Koramangala Industrial Layout,575.0
Kothannur,58.92884615384616
Kothanur,95.63030303030304
Kothnoor Dinne,36.5
Kothnur Narayanapura,100.5
Krishna Nagar,115.0
Krishna Reddy Layout,204.33333333333334
Kudlu,57.77379310344828
Kudlu Gate,83.14631578947369
"Kudlu Village, ",64.0
Kullappa Colony,62.5
Kumara Park,392.8333333333333
Kumarapalli,60.65
Kumaraswami Layout,115.71666666666667
Kumbalgodu,137.5
Kumbena Agrahara,76.23666666666666
Kumbhena Agrahara,150.0
Kundalahalli,132.65765957446808
Kundalahalli Colony,116.71428571428571
Kurubarahalli,64.2
Kuvempu Layout,160.0
Kuvempu Nagar,141.25
Kyalasanahalli,104.5
LB Shastri Nagar,75.72727272727273
LIC Colony,115.0
Laggere,101.91666666666667
Lake City,29.2
Lakkasandra,188.0
Lakkasandra Extension,250.0
Lakshmi Layout,122.5
Lakshmiamma Garden,192.5
Lakshminarayana Pura,97.13888888888889
"Lakshminarayanapura, Electronic City Phase 2",75.5
Lakshmipura,83.33333333333333
Lakshmipura Vidyaanyapura,120.0
Lal Bahadur Shastri Nagar,116.5
Lalbagh Road,367.0
Langford Gardens,649.5
Langford Town,149.0
Lavakusha Nagar,75.5
Lavelle Road,386.2
Laxmi Sagar Layout,159.0
Laxminarayana Layout,145.0
Lingadheeranahalli,115.34826086956522
Lingarajapuram,72.76222222222222
Lottegolla Halli,231.66666666666666
M C Layout,245.0
M V Extenstion,117.5
M.G Road,200.0
MCECHS  layout,88.5
"MEI layout, Bagalgunte",90.0
MLA Layout,38.0
MM Layout,45.0
MRCR Layout,90.0
MS Pallya,129.75
Madanayakahalli,34.0
Madavara,41.0
Madiwala,65.92857142857143
Magadi Road,77.6266
Mahadevpura,75.9158064516129
Mahaganapathy Nagar,70.0
Mahalakshmi Layout,294.84615384615387
Mahalakshmi Puram,211.625
Maheswari Nagar,60.0
Mailasandra,43.66
Maithri Layout,55.726
Makali,16.0
Malimakanapura,70.0
Mallappa Layout,75.0
Mallasandra,71.049375
Mallathahalli,60.815999999999995
Malleshpalya,80.05058823529413
Malleshwaram,359.4087719298245
Malur Hosur Road,100.0
Manayata Tech Park,81.875
Mangammanapalya,51.833333333333336
Manganahalli,98.0
Mango Garden Layout,125.0
Manjunath Nagar,156.0
Manjunatha Layout,92.5
Manonarayanapalya,52.0
Manorayana Palya,90.66666666666667
"Maragondana Halli, kr puram, old madras road",50.0
Maragondanahalli,64.04166666666667
Marasandra,138.66666666666666
Marathahalli,102.21371428571429
Marathalli bridge,120.0
Marenahalli,107.5
Margondanahalli,65.85615384615384
Mariyannapalya,46.0
Marsur,64.9090909090909
Maruthi Extension,180.0
Maruthi HBCS Layout,39.5
Maruthi Layout,42.0
Maruthi Nagar,128.4
Maruthi Sevanagar,135.71428571428572
Maruthi nagar kogilu,78.0
Masjid e Alkareem,62.0
Mathikere,125.55555555555556
Mathikere Extension,159.16666666666666
Mathikere SBM colony,160.0
Medahalli,76.38888888888889
Medaralli,84.0
Medi Agrahara,85.0
Meenakshi Layout,220.0
Meenakunte,255.83333333333334
Michael Palaya,200.0
Mico Layout,86.02083333333333
Milk Colony,240.0
Millers Road,460.0
Moodalapalya,72.25
Motappa Layout,55.544999999999995
Mudalpalaya,155.0
Mukkutam Nagar,180.0
Mullur,95.0
Muneshwara Nagar,57.0
Munivenkatppa Layout,226.0
Munnekollal,120.62208333333335
Murugeshpalya,102.57142857142857
Muthurayya Swamy Layout,310.0
Muthyala Nagar,165.0
Mylasandra,63.0
Mysore Road,68.5275
N R Layout,120.0
NGR Layout,46.75785714285714
NR Colony,40.05
NRI Layout,86.0657142857143
NS Palya,142.25
NTI Layout,52.5
Nagadevanahalli,100.5
Naganathapura,67.685
Nagappa Reddy Layout,60.32000000000001
Nagaraja Garden,87.78
Nagarbhavi,121.62222222222222
Nagarbhavi  BDA Complex,85.0
Nagarbhavi Garden Villas Layout,180.0
Nagasandra,157.83333333333334
Nagashetty Halli,89.2
Nagavara,109.01235294117647
Nagavarapalya,78.38933333333333
Nagawara Junction,140.66666666666666
Nagondanahalli,53.3
Naidu Layout,79.5
Nallurhalli,69.0
Nandi Durga Road,287.5
Nandi Hills,245.0
Nandini Layout,84.0
Nanjappa Garden,130.0
Nanjappa Layout,78.09333333333333
Nanjappa Layout Vidyaranyapura,115.0
Narayana Nagar 1st Block,62.666666666666664
Narayanappa Garden,70.0
Narayanappa Layout,90.0
Narayanapura,91.57090909090908
Navodaya Nagar,180.0
Nayandanahalli,98.5
Ncpr Industrial Layout,72.5
"Near Electronic City, ",150.0
Near International Airport,103.0
Near ullas theater,205.0
Neeladri Nagar,87.26923076923077
Neelamangala,56.5
Neelasandra,145.0
Nehru Nagar,86.37272727272727
Nelamangala,65.6875
New Gurappana Palya,124.8
New Thippasandra,148.29999999999998
Ngef Layout,419.0
Nirman Layout,60.0
Nobo Nagar,106.66666666666667
Nrupathunga Nagar,80.0
Nyanappana Halli,71.0
OLd Gurappanapalya,151.0
OMBR Layout,132.39473684210526
Off Bannergatta Road,87.0
Off Bannergatta road,115.0
"Off Sarjapur Road, ",87.2
"Off Sarjapur road, ",342.0
Okalipura,120.0
Old Airport Road,184.080303030303
Old Madras Road,115.83971428571428
Old Mangammanapalya Road,140.0
Old Town,200.0
Omarbagh Layout,293.25
Omkar Nagar,67.5
Outer Ring Road East,187.0
P Krishnappa Layout,77.0
P&T Colony,20.03
P&T Layout,41.36666666666667
PC Palaya,48.0
PNS Layout,65.0
Padmanabhanagar,140.63142857142856
Pai Layout,67.26315789473684
"Pai layout , Mahadevapura",214.0
Palace Guttahalli,207.5
Palace Road,137.5
Palanahalli,492.6666666666667
Pampa Extension,125.16666666666667
Panathur,74.06666666666666
"Panathur Road, ",53.0
Panduranga Nagar,60.0
Papareddipalya,115.0
Parappana Agrahara,48.5625
Park View Layout,70.0
Patelappa Layout,143.5
Pattanagere,64.0
Pattandur Agrahara,60.51363636363636
Pattegarhpalya,140.0
Peenya,76.21111111111111
Phase 1 Kammasandra,26.59
Pillahalli,92.0
Pillanna Gardens,20.0
Poorna Pragna Layout,80.787
Poornapragna Housing Society Layout,131.9
Popular Colony,54.0
Postal Colony,209.0
Pragathi Nagar,42.59875
Prakash Nagar,55.0
Prakruthi Nagar,60.0
Prakruthi Township,150.0
Prasanna layout Herohalli,140.0
Prasanth Extension,46.14
Prasanti Nagar,190.0
Prashanth Nagar,336.6666666666667
Prestige Sunrise,41.0
Prithvi Layout,144.96153846153845
Pulikeshi Nagar,285.0
Pulkeshi Nagar,99.1
Punappa Layout,55.0
Puttanahalli,59.0
Puttappa Layout,290.0
Queens Road,169.0
R.T. Nagar,138.30555555555554
RBI Layout,87.0
RK Colony,230.0
RK Layout 2nd Stage,77.5
RMC YARD,162.0
RMV,363.3333333333333
RMV 2nd Stage,277.0
RMV Extension,94.8
RMV Extension Stage 2,140.0
"RMV extension stage 2, rmv extension",324.0
RPC layout,95.0
RR Layout,128.0
RR Nagar,34.0
RTO ullalu,110.0
RWF West Colony,66.82
Race Course Road,525.0
Rachenahalli,72.45125
Raghavendra Layout,89.5
Raghavendra Nagar,81.09
Raghuvanahalli,180.85999999999999
Rahat Bagh,550.0
Rahmath Nagar,98.0
Rainbow Drive,138.0
Raja Rajashweri Nagar,45.12
Raja Rajeshwari Nagar,64.7140350877193
Raja Rajeshwari Nagar 5th Stage,54.582499999999996
Raja Rajeshwari Nagara,81.0
Rajagopala Nagar,40.0
Rajaji Nagar,326.77981132075473
Rajankunte,235.0
Rajanna Layout,37.6
Rajapura,45.0
Rajarajesheari nagar,44.8
Rajarajeshwari Nagara,151.70666666666668
Rajarajeshwari nagar,151.70666666666668
Rajarajeshwarinagar,205.0
Rajasree Layout,80.0
Rajiv Gandhi Nagar,73.83333333333333
Rajiv Nagar,117.44769230769231
Ramagondanahalli,131.6758
Ramakrishnappa Layout,662.8571428571429
Ramamohanapuram,500.0
Ramamurthy Nagar,88.96319444444445
Ramamurthy Nagar Extension,49.565
Ramanagara Channapatna,75.0
Ramanashree Enclave,53.75
Ramanjaneyanagar,86.678
Ramaswamy Palya - Kammanahalli Main Road,210.0
Ramchandrapuram,55.0
Ramesh Nagar,136.66666666666666
Rammana Layout,100.0
Rayasandra,62.591818181818184
Reliaable Tranquil Layout,68.375
Reliable Woods Layout,58.0
Remco Bhel Layout,83.0
Rest House Road,690.0
Richards Town,211.42857142857142
Richmond Road,630.0
Richmond Town,279.55555555555554
Ring Road Nagarbhavi,235.0
Roopena Agrahara,62.613749999999996
Rukmaiah Layout,86.06
Rustam Bagh Layout,89.16666666666667
S R Layout,48.0
SARJAPUR BAGALUR ROAD,80.0
SBM Colony,377.5
SHANTHINAGAR,95.0
SK Garden,175.0
SMV layout,123.66666666666667
SRINIVASAPURA,56.589999999999996
Sabari Nagar,60.0
Sadahalli,130.0
Sadanand Nagar,350.0
Sadaramangala,52.49333333333333
Sadashiva Nagar,1011.1
Sadduguntepalya,75.0
Sadhguru Layout,55.0
Sahakara Nagar,104.36282051282052
Sahyadri Layout,180.0
Sai Gardens,58.25
Samethanahalli,48.833333333333336
Sampangi Rama Nagar,126.66666666666667
Sampangirama Nagar,140.0
Sampige Layout,90.0
Sampigehalli,68.0
Sanjay nagar,126.35999999999999
Sanjeevini Nagar,233.33333333333334
Sanne Amanikere,36.666666666666664
Saptagiri Layout,44.0
Sarakki Nagar,241.87357142857144
Sarjapur,94.57734567901235
Sarjapur  Road,118.74359693877551
"Sarjapur Road, ",133.5
Sarjapura - Attibele Road,78.74
Sarvabhouma Nagar,92.0
Sarvobhogam Nagar,140.0
Sathanur,110.0
Sathya Layout,84.33333333333333
Sathya Sai Layout,609.25
Satyasaibaba Layout,42.25
Sector 1 HSR Layout,288.22222222222223
Sector 2 HSR Layout,86.025625
Sector 3 HSR Layout,190.0
Sector 4 HSR Layout,700.0
Sector 6 HSR Layout,465.0
Sector 7 HSR Layout,167.57615384615386
Seegehalli,136.7416
Seethappa Layout,42.0
Seetharampalya,73.75
Seshadripuram,113.0
Shakthi Nagar,36.0
Shampura,72.92307692307692
Shankarapuram,165.0
Shanthala Nagar,754.0
Shanthi Layout,81.0
Shanthi Pura,32.0
Shanti Nagar,181.5
Shantiniketan Layout,116.33333333333333
Shauhardha Layout,20.0
Shettigere,59.0
Shettihalli,90.0
Shetty Halli,291.0
Shikaripalya,53.71125
Shingapura,52.5
Shirdi Sai Layout,78.815
Shirdi Sai Nagar,85.0
Shivaji Nagar,125.42307692307692
Shivanagar,160.0
Shree Ananth Nagar Layout,46.916666666666664
Siddapura,314.1666666666667
Sidedahalli,53.2875
Silk Board,53.970000000000006
Silver Springs Layout,68.0
Sindhi Colony,988.0
Singanayakanahalli,60.666666666666664
Singapura Village,58.42857142857143
Singasandra,71.5
Singena Agrahara,112.25
Sir M V Nagar,120.0
Sneha Colony,77.5
Somanna Garden,160.0
Somasundara Palya,75.25357142857142
Someshwara Layout,149.5
Sompura,46.583333333333336
Sonam Layout,50.0
Sonnenahalli,54.31340909090909
Soppahalli,25.0
Soundarya Layout,29.5
Sree Narayana Nagar,50.0
Sri Balaji Krupa Layout,188.33333333333334
Sri Kanteshwara Nagar,200.0
Sri Sai Layout,38.7
Sri Venkateshpura Layout,44.0
Srigandada Kaval,53.0
Srinagar,131.0
Srinivas Colony,922.0
Srinivasa Nagar,93.99000000000001
Srirampura,151.16666666666666
Srirampuram,182.2
St Thomas Town,62.0
St. John's Road,345.0
Stage-4 Bommanahalli,58.0
Subash Nagar,50.0
Subbannaiah Palya,85.0
Subhash Nagar,110.0
Subramanya Nagar,150.0
Subramanyanagar,200.0
Subramanyapura,65.96558139534883
Suddaguntepalya,50.0
Sugama Layout,36.0
Sultan Palaya,102.57142857142857
Sulthangunta,50.0
Sundar Ram Shetty Nagar,85.0
Sundara Nagar,110.0
Sunder Ram Shetty Nagar,94.5
Sunkadakatte,66.4
Sunkan palya,37.0
Surabhi Layout,110.0
Suragajakkanahalli,73.0
Suraksha Nagar,61.498333333333335
Suryanagar,45.0
Syndicate Bank Colony,153.0
T C Palya main Road,48.72
T Dasarahalli,105.0
T G extension,95.0
T K Reddy Layout,75.0
T R Mill Road,82.0
T c palya,85.0
T.C PALYA,73.0
T.C. Palya,60.0
TC Palaya,79.33266666666667
"TR Mill Road, Chamarajpet",79.0
Tala Cauvery Layout,91.0
Talaghattapura,106.19475
Tasker Town,73.66666666666667
Tata Nagar,70.5
Tavarekere,95.5
Teachers Colony,158.5
Tejaswini Nagar,62.142857142857146
Telecom Layout,57.666666666666664
Thanisandra,82.87401287553648
"Thanisandra Main Road, ",140.0
Thanisandra main road,483.0
Tharabanahalli,240.0
Thavarekere,108.0
Thigalarapalya,154.47629032258067
Thippasandra,86.66666666666667
Thirumalashettyhally,34.46
Thirumenahalli,74.52625
Thirupalya,65.0
Thomas Town,59.5
Thubarahalli,90.685
Thurahalli,108.33333333333333
Thyagaraja Nagar,123.925
Thyagraj Nagar,76.0
Tigalarpalya,88.5
Tilak Nagar,40.0
Tindlu,100.61818181818181
Tippenahalli,55.0
Tirumanahalli,50.4
Tumkur Road,75.01060606060605
Tunganagara,35.92333333333334
Uday Nagar,97.5
Udaya Nagar,90.5
Udayagiri,60.0
Udayapur Village,61.415
Ullal Road,185.0
Ullal Uppanagar,108.66666666666667
Ulsoor,237.23809523809524
Upadhyaya Layout,53.5
Upkar Layout,117.5125
Uttarahalli,61.25252688172043
Uvce Layout,100.0
V.V Puram,102.5
VGP Layout,63.6
VHBCS Layout,110.0
Vadarpalya,89.0
Vaderahalli,142.5
Vaishnavi Layout,412.5
Vajarahalli,79.875
Varanasi,78.41666666666667
Varsova Layout,238.375
Varthur,68.89442857142856
Varthur Road,54.38533333333333
"Varthur Road, ",70.0
Vasantapura main road,36.28
Vasanth nagar,641.125
Vasantha Vallabha Nagar,74.0
Vasanthapura,41.92916666666667
Vasanthpura,49.91
Vasatha Vallbha Nagar,37.8
Vayunandana Layout,120.0
Veer Sandra,168.0
Veerabhadra Nagar,100.0
Veerannapalya,67.33333333333333
Veersandra,52.5
Venkatadri Layout,42.333333333333336
Venkatapura,183.25
Venkateshpuram,24.0
Venkateswara Nagar,20.0
Venugopal Reddy Layout,68.66666666666667
Versova Layout,335.0
Vibhutipura Extension,73.5
Vibuthipura,102.5
Victoria Layout,268.14285714285717
Vidhyanagar Cross,32.0
Vidya Nagar,280.0
Vidyapeeta,98.0
Vidyaranyapura,93.62209302325581
Vignana Nagar,71.61111111111111
Vijay Nagar,160.0
Vijaya Bank Colony,62.0
Vijaya Bank Layout,185.92857142857142
Vijayabank bank layout,48.0
Vijayanagar,119.15547619047618
Vijaypura,150.0
Vijinapura,81.905
Vikram Nagar,38.0
Vimanapura,62.0
Vinayak Nagar,54.833333333333336
Vinayaka Layout,170.0
Vinayaka Nagar,65.75
Virat Nagar,70.148
Virgonagar,42.2
Virudhu Nagar,68.0
Virupakshapura,57.666666666666664
Vishveshwarya Layout,128.15384615384616
Vishwanatha Nagenahalli,102.11111111111111
Vishwapriya Layout,66.66666666666667
Vishwapriya Nagar,90.8
Viswajit Layout,61.0
Viswapriyanagar.begur Road.bommanahalli.,85.0
Vittal Mallya Road,300.0
Vittal Nagar,48.0
Vittasandra,71.02093023255814
Vivek Nagar,145.0
Viviani Road,350.0
Volagerekallahalli,39.50666666666667
Vyalikaval,117.5
Wajid layout thanisandra,100.0
Weavers Colony,27.333333333333332
West of Chord Road,160.0
Wheelers Road,68.0
"Whietfield, ",98.0
Whitefield,128.33767790262175
Whitefield ECC Road,71.05
"Whitefield, ",67.5
Williams Town,98.0
Wilson Garden,245.71428571428572
Xavier Layout,400.0
Yarandahalli,44.05
Yediyur,225.0
Yelachenahalli,89.825
Yelahanka,86.12040476190477
Yelahanka New Town,83.86585365853658
"Yelahanka,MVIT college",150.0
Yelenahalli,50.79923076923077
Yemlur,1093.388888888889
"Yemlur, Old Airport Road, ",115.0
Yeshwanthpur,98.68641176470588
Yeshwanthpur Industrial Suburb,250.0
Zuzuvadi,75.0
adigondanhalli,42.0
akshaya nagar t c palya,120.0
anjananager magdi road,165.0
"asha township, off hennur road",285.0
banashankari stage iii sa,91.72
basaveshwarnagar,70.0
"beml layout, basaveshwara nagar",360.0
bsk 6th stage 2ad block near sri conversation hall,87.0
cooketown,191.0
elachenahalli,58.0
frazertown,267.5
kadubisnahalli,57.0
kamanahalli main road,95.0
kanakapura main road,36.44
kanakapura road,48.06
kg halli jalhalli west,80.0
manyata,50.11
manyata park,73.41
manyata tech park,56.0
mvj engineering college,56.53
near Ramanashree California resort,160.0
pavitra paradise,190.0
poornaprajna layout,128.0
"ravindra nagar, T.dasarahalli peenya",74.0
rr nagar,60.0
sankeswari,31.7
sapthagiri Layout,115.0
sarjapura main road,250.0
singapura paradise,140.0
t.c palya,160.0
tc.palya,60.75
vinayakanagar,200.0
"white field,kadugodi",275.0
whitefiled,32.73
